[
  {
    "Name": "AzureUSGovernment",
    "Type": "Built-in",
    "EnableAdfsAuthentication": false,
    "OnPremise": false,
    "ActiveDirectoryServiceEndpointResourceId": "https://management.core.usgovcloudapi.net/",
    "AdTenant": "Common",
    "GalleryUrl": "https://gallery.azure.com/",
    "ManagementPortalUrl": "https://manage.windowsazure.us",
    "ServiceManagementUrl": "https://management.core.usgovcloudapi.net/",
    "PublishSettingsFileUrl": "https://manage.windowsazure.us/publishsettings/index",
    "ResourceManagerUrl": "https://management.usgovcloudapi.net/",
    "SqlDatabaseDnsSuffix": ".database.usgovcloudapi.net",
    "StorageEndpointSuffix": "core.usgovcloudapi.net",
    "ActiveDirectoryAuthority": "https://login.microsoftonline.us/",
    "GraphUrl": "https://graph.windows.net/",
    "GraphEndpointResourceId": "https://graph.windows.net/",
    "TrafficManagerDnsSuffix": "usgovtrafficmanager.net",
    "AzureKeyVaultDnsSuffix": "vault.usgovcloudapi.net",
    "DataLakeEndpointResourceId": null,
    "AzureDataLakeStoreFileSystemEndpointSuffix": null,
    "AzureDataLakeAnalyticsCatalogAndJobEndpointSuffix": null,
    "AzureKeyVaultServiceEndpointResourceId": "https://vault.usgovcloudapi.net",
    "ContainerRegistryEndpointSuffix": "azurecr.us",
    "AzureOperationalInsightsEndpointResourceId": "https://api.loganalytics.us",
    "AzureOperationalInsightsEndpoint": "https://api.loganalytics.us/v1",
    "AzureAnalysisServicesEndpointSuffix": "asazure.usgovcloudapi.net",
    "AnalysisServicesEndpointResourceId": "https://region.asazure.usgovcloudapi.net",
    "AzureAttestationServiceEndpointSuffix": null,
    "AzureAttestationServiceEndpointResourceId": null,
    "AzureSynapseAnalyticsEndpointSuffix": null,
    "AzureSynapseAnalyticsEndpointResourceId": null,
    "VersionProfiles": [],
    "ExtendedProperties": {
      "OperationalInsightsEndpoint": "https://api.loganalytics.us/v1",
      "OperationalInsightsEndpointResourceId": "https://api.loganalytics.us",
      "AzureAnalysisServicesEndpointSuffix": "asazure.usgovcloudapi.net",
      "AnalysisServicesEndpointResourceId": "https://region.asazure.usgovcloudapi.net",
      "ManagedHsmServiceEndpointResourceId": "https://managedhsm.usgovcloudapi.net",
      "ManagedHsmServiceEndpointSuffix": "managedhsm.usgovcloudapi.net"
    },
    "BatchEndpointResourceId": "https://batch.core.usgovcloudapi.net/"
  },
  {
    "Name": "AzureCloud",
    "Type": "Built-in",
    "EnableAdfsAuthentication": false,
    "OnPremise": false,
    "ActiveDirectoryServiceEndpointResourceId": "https://management.core.windows.net/",
    "AdTenant": "Common",
    "GalleryUrl": "https://gallery.azure.com/",
    "ManagementPortalUrl": "https://go.microsoft.com/fwlink/?LinkId=254433",
    "ServiceManagementUrl": "https://management.core.windows.net/",
    "PublishSettingsFileUrl": "https://go.microsoft.com/fwlink/?LinkID=301775",
    "ResourceManagerUrl": "https://management.azure.com/",
    "SqlDatabaseDnsSuffix": ".database.windows.net",
    "StorageEndpointSuffix": "core.windows.net",
    "ActiveDirectoryAuthority": "https://login.microsoftonline.com/",
    "GraphUrl": "https://graph.windows.net/",
    "GraphEndpointResourceId": "https://graph.windows.net/",
    "TrafficManagerDnsSuffix": "trafficmanager.net",
    "AzureKeyVaultDnsSuffix": "vault.azure.net",
    "DataLakeEndpointResourceId": "https://datalake.azure.net/",
    "AzureDataLakeStoreFileSystemEndpointSuffix": "azuredatalakestore.net",
    "AzureDataLakeAnalyticsCatalogAndJobEndpointSuffix": "azuredatalakeanalytics.net",
    "AzureKeyVaultServiceEndpointResourceId": "https://vault.azure.net",
    "ContainerRegistryEndpointSuffix": "azurecr.io",
    "AzureOperationalInsightsEndpointResourceId": "https://api.loganalytics.io",
    "AzureOperationalInsightsEndpoint": "https://api.loganalytics.io/v1",
    "AzureAnalysisServicesEndpointSuffix": "asazure.windows.net",
    "AnalysisServicesEndpointResourceId": "https://region.asazure.windows.net",
    "AzureAttestationServiceEndpointSuffix": "attest.azure.net",
    "AzureAttestationServiceEndpointResourceId": "https://attest.azure.net",
    "AzureSynapseAnalyticsEndpointSuffix": "dev.azuresynapse.net",
    "AzureSynapseAnalyticsEndpointResourceId": "https://dev.azuresynapse.net",
    "VersionProfiles": [],
    "ExtendedProperties": {
      "OperationalInsightsEndpoint": "https://api.loganalytics.io/v1",
      "OperationalInsightsEndpointResourceId": "https://api.loganalytics.io",
      "AzureAnalysisServicesEndpointSuffix": "asazure.windows.net",
      "AnalysisServicesEndpointResourceId": "https://region.asazure.windows.net",
      "AzureAttestationServiceEndpointSuffix": "attest.azure.net",
      "AzureAttestationServiceEndpointResourceId": "https://attest.azure.net",
      "AzureSynapseAnalyticsEndpointSuffix": "dev.azuresynapse.net",
      "AzureSynapseAnalyticsEndpointResourceId": "https://dev.azuresynapse.net",
      "ManagedHsmServiceEndpointResourceId": "https://managedhsm.azure.net",
      "ManagedHsmServiceEndpointSuffix": "managedhsm.azure.net"
    },
    "BatchEndpointResourceId": "https://batch.core.windows.net/"
  },
  {
    "Name": "AzureChinaCloud",
    "Type": "Built-in",
    "EnableAdfsAuthentication": false,
    "OnPremise": false,
    "ActiveDirectoryServiceEndpointResourceId": "https://management.core.chinacloudapi.cn/",
    "AdTenant": "Common",
    "GalleryUrl": "https://gallery.azure.com/",
    "ManagementPortalUrl": "https://go.microsoft.com/fwlink/?LinkId=301902",
    "ServiceManagementUrl": "https://management.core.chinacloudapi.cn/",
    "PublishSettingsFileUrl": "https://go.microsoft.com/fwlink/?LinkID=301776",
    "ResourceManagerUrl": "https://management.chinacloudapi.cn/",
    "SqlDatabaseDnsSuffix": ".database.chinacloudapi.cn",
    "StorageEndpointSuffix": "core.chinacloudapi.cn",
    "ActiveDirectoryAuthority": "https://login.chinacloudapi.cn/",
    "GraphUrl": "https://graph.chinacloudapi.cn/",
    "GraphEndpointResourceId": "https://graph.chinacloudapi.cn/",
    "TrafficManagerDnsSuffix": "trafficmanager.cn",
    "AzureKeyVaultDnsSuffix": "vault.azure.cn",
    "DataLakeEndpointResourceId": null,
    "AzureDataLakeStoreFileSystemEndpointSuffix": null,
    "AzureDataLakeAnalyticsCatalogAndJobEndpointSuffix": null,
    "AzureKeyVaultServiceEndpointResourceId": "https://vault.azure.cn",
    "ContainerRegistryEndpointSuffix": "azurecr.cn",
    "AzureOperationalInsightsEndpointResourceId": null,
    "AzureOperationalInsightsEndpoint": null,
    "AzureAnalysisServicesEndpointSuffix": "asazure.chinacloudapi.cn",
    "AnalysisServicesEndpointResourceId": "https://region.asazure.chinacloudapi.cn",
    "AzureAttestationServiceEndpointSuffix": null,
    "AzureAttestationServiceEndpointResourceId": null,
    "AzureSynapseAnalyticsEndpointSuffix": "dev.azuresynapse.azure.cn",
    "AzureSynapseAnalyticsEndpointResourceId": "https://dev.azuresynapse.net",
    "VersionProfiles": [],
    "ExtendedProperties": {
      "AzureAnalysisServicesEndpointSuffix": "asazure.chinacloudapi.cn",
      "AnalysisServicesEndpointResourceId": "https://region.asazure.chinacloudapi.cn",
      "AzureSynapseAnalyticsEndpointSuffix": "dev.azuresynapse.azure.cn",
      "AzureSynapseAnalyticsEndpointResourceId": "https://dev.azuresynapse.net",
      "ManagedHsmServiceEndpointResourceId": "https://managedhsm.azure.cn",
      "ManagedHsmServiceEndpointSuffix": "managedhsm.azure.cn"
    },
    "BatchEndpointResourceId": "https://batch.chinacloudapi.cn/"
  },
  {
    "Name": "AzureGermanCloud",
    "Type": "Built-in",
    "EnableAdfsAuthentication": false,
    "OnPremise": false,
    "ActiveDirectoryServiceEndpointResourceId": "https://management.core.cloudapi.de/",
    "AdTenant": "Common",
    "GalleryUrl": "https://gallery.azure.com/",
    "ManagementPortalUrl": "https://portal.microsoftazure.de/",
    "ServiceManagementUrl": "https://management.core.cloudapi.de/",
    "PublishSettingsFileUrl": "https://manage.microsoftazure.de/publishsettings/index",
    "ResourceManagerUrl": "https://management.microsoftazure.de/",
    "SqlDatabaseDnsSuffix": ".database.cloudapi.de",
    "StorageEndpointSuffix": "core.cloudapi.de",
    "ActiveDirectoryAuthority": "https://login.microsoftonline.de/",
    "GraphUrl": "https://graph.cloudapi.de/",
    "GraphEndpointResourceId": "https://graph.cloudapi.de/",
    "TrafficManagerDnsSuffix": "azuretrafficmanager.de",
    "AzureKeyVaultDnsSuffix": "vault.microsoftazure.de",
    "DataLakeEndpointResourceId": null,
    "AzureDataLakeStoreFileSystemEndpointSuffix": null,
    "AzureDataLakeAnalyticsCatalogAndJobEndpointSuffix": null,
    "AzureKeyVaultServiceEndpointResourceId": "https://vault.microsoftazure.de",
    "ContainerRegistryEndpointSuffix": null,
    "AzureOperationalInsightsEndpointResourceId": null,
    "AzureOperationalInsightsEndpoint": null,
    "AzureAnalysisServicesEndpointSuffix": "asazure.cloudapi.de",
    "AnalysisServicesEndpointResourceId": "https://region.asazure.cloudapi.de",
    "AzureAttestationServiceEndpointSuffix": null,
    "AzureAttestationServiceEndpointResourceId": null,
    "AzureSynapseAnalyticsEndpointSuffix": null,
    "AzureSynapseAnalyticsEndpointResourceId": null,
    "VersionProfiles": [],
    "ExtendedProperties": {
      "AzureAnalysisServicesEndpointSuffix": "asazure.cloudapi.de",
      "AnalysisServicesEndpointResourceId": "https://region.asazure.cloudapi.de",
      "ManagedHsmServiceEndpointResourceId": "https://managedhsm.microsoftazure.de",
      "ManagedHsmServiceEndpointSuffix": "managedhsm.microsoftazure.de"
    },
    "BatchEndpointResourceId": "https://batch.cloudapi.de/"
  }
]
